كود المنتج (SKU),اسم المنتج التجاري,اسم المنتج بالمتجر,الوصف القصير,الوصف التفصيلي,الفئة,الفئة الفرعية,سعر الجملة,سعر البيع,السعر قبل الخصم,نسبة الخصم %,هامش الربح,الكمية المتاحة,حد التنبيه,الوزن (جرام),رابط الصورة الرئيسية,روابط صور إضافية,كود المورد,حالة المنتج,تاريخ الإضافة,الكلمات المفتاحية (SEO)
5881709725215297376,Hydra Facial 9 in 1,جهاز العناية بالبشرة 9 في 1,جهاز متكامل للعناية بالبشرة وتنظيفها العميق، يجمع 9 وظائف في جهاز واحد للحصول على بشرة نضرة ومشرقة.,,beauty,,,5750,8800,34,,100,5,,5881709725215297376.jpg,,محمود,متاح,2026-08-01,
5881709725215297378,Dr. Pen Ultima A1,ديرما بن Dr. Pen Ultima A1,قلم ديرما بن احترافي لتجديد خلايا البشرة وتحفيز الكولاجين، يأتي مع إبر غيار لنتائج مثالية.,,beauty,,,1375,1815,24,,100,5,,5881709725215297378.jpg,,محمود,متاح,2026-08-01,
5881709725215297379,Dr. Pen Ultima A6,ديرما بن Dr. Pen Ultima A6,جهاز ديرما بن لاسلكي متطور للعناية بالبشرة، يساعد على تقليل التجاعيد والندبات لتبدو بشرتك أكثر شباباً.,,beauty,,,2200,3190,31,,100,5,,5881709725215297379.jpg,,محمود,متاح,2026-08-01,
5881709725215297384,Electric Teeth Cleaner,جهاز تنظيف الأسنان الكهربائي,منظف أسنان كهربائي متطور يزيل الجير والتصبغات بفعالية بـ 31000 اهتزازة في الدقيقة، لابتسامة ناصعة البياض.,,beauty,,,500,715,30,,100,5,,5881709725215297384.jpg,,محمود,متاح,2026-08-01,
5881709725215297388,ZGTS Derma Roller,ديرما رولر ZGTS,أداة ديرما رولر باللون الذهبي لتحفيز الكولاجين وتجديد شباب البشرة بفعالية وأمان في المنزل.,,beauty,,,247,412,40,,100,5,,5881709725215297388.jpg,,محمود,متاح,2026-08-01,
5881709725215297389 (1),SPA Micro Bubble Cleaner,جهاز إزالة الرؤوس السوداء المائي,جهاز تنظيف مسام البشرة وإزالة الرؤوس السوداء بتقنية الشفط المائي، يأتي مع رؤوس متعددة تناسب جميع أنواع البشرة.,,beauty,,,340,495,31,,100,5,,5881709725215297389%20(1).jpg,,محمود,متاح,2026-08-01,
5881709725215297389,Water Facial Cleaner,جهاز شفط الرؤوس السوداء وتنظيف البشرة,جهاز تنظيف البشرة العميق وإزالة الشوائب بتقنية تدفق الماء، لبشرة نقية وصافية.,,beauty,,,300,440,31,,100,5,,5881709725215297389.jpg,,محمود,متاح,2026-08-01,
5881709725215297390,Portable High Frequency LZ-006A,جهاز التردد العالي المحمول,جهاز العناية بالبشرة بتقنية التردد العالي، يعالج حب الشباب ويحفز الدورة الدموية لتعزيز صحة ونضارة بشرتك.,,beauty,,,775,990,21,,100,5,,5881709725215297390.jpg,,محمود,متاح,2026-08-01,
5881709725215297392,Intense Pulsed Light ES-1081,جهاز تقليل التجاعيد بالنبضات الضوئية,جهاز لتدليك وشد الوجه والرقبة، يعمل بتقنية النبضات الضوئية لتقليل التجاعيد واستعادة شباب البشرة.,,beauty,,,975,1210,19,,100,5,,5881709725215297392.jpg,,محمود,متاح,2026-08-01,
5881709725215297393,Silicone Cupping 4 Cups,طقم كاسات حجامة سيليكون,مجموعة كاسات حجامة سيليكون مرنة باللون الأزرق، تستخدم للتدليك وتنشيط الدورة الدموية وتخفيف آلام العضلات.,,beauty,,,325,462,29,,100,5,,5881709725215297393.jpg,,محمود,متاح,2026-08-01,
5881709725215297395,Joy 2-in-1 Dryer & Styler,فرشاة تصفيف الشعر جوي,مجفف ومصفف شعر احترافي 2 في 1 من جوي، يمنحك شعراً ناعماً وكثيفاً في وقت قياسي وبكل سهولة.,,beauty,,,1550,2200,29,,100,5,,5881709725215297395.jpg,,محمود,متاح,2026-08-01,
5881709725215297418,Kemei KM-099 / T99,ماكينة حلاقة الشعر كيمي KM-099,ماكينة حلاقة وتشذيب الشعر الاحترافية من كيمي، بتصميم أنيق ومحرك قوي لنتائج دقيقة وحلاقة مريحة.,,beauty,,,327,528,38,,100,5,,5881709725215297418.jpg,,محمود,متاح,2026-08-01,
5881709725215297425,Blue Magic XH-040H,جهاز بخار نانو للعناية بالشعر,مسدس رش بخار النانو لمعالجة الشعر وترطيبه بعمق، يساعد في تعزيز امتصاص منتجات العناية بالشعر.,,beauty,,,843,1232,31,,100,5,,5881709725215297425.jpg,,محمود,متاح,2026-08-01,
5881709725215297432,Dr. Pen Ultima M5-W,ديرما بن دكتور بن ألتيما M5-W,جهاز ديرما بن اللاسلكي الأنيق باللون الذهبي الوردي، مثالي لتحسين ملمس البشرة وعلاج عيوبها.,,beauty,,,1650,2310,28,,100,5,,5881709725215297432.jpg,,محمود,متاح,2026-08-01,
5881709725215297436,The Glam Hair Curler,جهاز تجعيد الشعر التلقائي,جهاز تجعيد الشعر الأوتوماتيكي للحصول على تموجات رائعة ومثالية بسهولة وأمان في ثوانٍ معدودة.,,beauty,,,700,990,29,,100,5,,5881709725215297436.jpg,,محمود,متاح,2026-08-01,
5881709725215297437,DSP Flawless Facial Remover,جهاز إزالة شعر الوجه DSP,مزيل شعر الوجه الصغير والأنيق من DSP، يزيل الشعر الزائد بلطف وبدون ألم لبشرة ناعمة خالية من العيوب.,,beauty,,,190,275,30,,100,5,,5881709725215297437.jpg,,محمود,متاح,2026-08-01,
5881709725215297447,Versatile Silicone Cupping,كاسات مساج سيليكون للجسم,مجموعة كاسات تدليك سيليكون فعالة في محاربة السيلوليت وشد ترهلات الجسم للحصول على قوام متناسق.,,beauty,,,365,550,33,,100,5,,5881709725215297447.jpg,,محمود,متاح,2026-08-01,
5881709725215297454,Kemei KM-1910,ماكينة حلاقة وتشذيب كيمي KM-1910,ماكينة حلاقة رجالية متعددة الاستخدامات لتشذيب اللحية والجسم، تأتي مع أمشاط درجات مختلفة وتعمل شحناً بـ USB.,,beauty,,,250,352,28,,100,5,,5881709725215297454.jpg,,محمود,متاح,2026-08-01,
5881709725215297455,Geneo Oxygenation pods,جهاز تقشير وتغذية البشرة مع كبسولات,جهاز متطور لتقشير البشرة بالأكسجين وتغذيتها، يأتي مع كبسولات متنوعة لتلبية جميع احتياجات العناية بالبشرة.,,beauty,,,2250,3300,31,,100,5,,5881709725215297455.jpg,,محمود,متاح,2026-08-01,
5881709725215297458,Hot & Cool Facial Steamer,جهاز بخار الوجه الاحترافي,جهاز بخار للوجه مزود بحامل يوفر بخاراً ساخناً وبارداً، مثالي لتنظيف المسام وتجهيز البشرة للعناية في الصالونات أو المنزل.,,beauty,,,3100,4400,29,,100,5,,5881709725215297458.jpg,,محمود,متاح,2026-08-01,
5881709725215297463,Flawless Hair Remover F-120,جهاز فلاوليس لإزالة الشعر,جهاز إزالة الشعر الصغير والمحمول، بتصميم يشبه أحمر الشفاه لإزالة شعر الوجه بلطف ودقة في أي وقت ومكان.,,beauty,,,190,275,30,,100,5,,5881709725215297463.jpg,,محمود,متاح,2026-08-01,
5881709725215297481,Kemei 4 in 1 KM-3024,مجموعة إزالة الشعر 4 في 1 كيمي,ماكينة إزالة الشعر النسائية المتكاملة 4 في 1، تشمل رؤوساً متعددة للحلاقة وتشذيب الحواجب وإزالة شعر الأنف.,,beauty,,,290,418,30,,100,5,,5881709725215297481.jpg,,محمود,متاح,2026-08-01,
5897814783128440119,Chest Massager KL-2022,جهاز تدليك الصدر KL-2022,حمالة صدر لتدليك الصدر وتنشيط الدورة الدموية مزودة بخاصية التدفئة، لتوفير الراحة والعناية المتكاملة.,,beauty,,,625,880,28,,100,5,,5897814783128440119.jpg,,محمود,متاح,2026-08-01,
5897814783128440123,Super Micro Bubble D-Clean,جهاز تنظيف البشرة بالفقاعات الدقيقة,جهاز تنظيف وتقشير الوجه بالفقاعات المائية الدقيقة، يزيل الرؤوس السوداء ويمنح بشرتك ترطيباً ونظافة عميقة.,,beauty,,,550,825,33,,100,5,,5897814783128440123.jpg,,محمود,متاح,2026-08-01,
5897814783128440129,Postpartum Abdomen Support,حزام شد البطن لما بعد الولادة,طقم أحزمة دعم وشد البطن لما بعد الولادة من 3 قطع، يساعد في استعادة شكل الجسم ودعم عضلات البطن بفعالية.,,beauty,,,650,990,34,,100,5,,5897814783128440129.jpg,,محمود,متاح,2026-08-01,
5897814783128440130,Multifunctional HT-808,جهاز تنظيف مسام الوجه متعدد الوظائف,جهاز إزالة الرؤوس السوداء وشفط دهون البشرة HT-808، يأتي مع رؤوس متعددة لتنظيف البشرة بعمق والحفاظ على نقائها.,,beauty,,,325,495,34,,100,5,,5897814783128440130.jpg,,محمود,متاح,2026-08-01,
