رقم,اسم الملف,اسم المنتج المبدئي,التصنيف,بصمة الصورة,ملاحظة تشابه
6301,Hazem19792019_6787.jpg,منتج Hazem19792019_6787,أخرى,8f8788f8fdfc9dff,يوجد صور متطابقة/متشابهة بصرياً
6302,Hazem19792019_6788.jpg,منتج Hazem19792019_6788,أخرى,bf8181f9f90b83f3,يوجد صور متطابقة/متشابهة بصرياً
6303,Hazem19792019_6789.jpg,منتج Hazem19792019_6789,أخرى,9ff4f0f0f0b4bcfd,
6304,Hazem19792019_679.jpg,منتج Hazem19792019_679,أخرى,7f5f473f1b000000,
6305,Hazem19792019_6790.jpg,منتج Hazem19792019_6790,أخرى,ffc6007bfbf3b1a0,
6306,Hazem19792019_6791.jpg,منتج Hazem19792019_6791,أخرى,ff818181898981ff,يوجد صور متطابقة/متشابهة بصرياً
6307,Hazem19792019_6792.jpg,منتج Hazem19792019_6792,أخرى,fcfe0670f0f1f0f0,يوجد صور متطابقة/متشابهة بصرياً
6308,Hazem19792019_6793.jpg,منتج Hazem19792019_6793,أخرى,ffe0007ffff2b8d0,يوجد صور متطابقة/متشابهة بصرياً
6309,Hazem19792019_6794.jpg,منتج Hazem19792019_6794,أخرى,ff070217ffdfdc00,يوجد صور متطابقة/متشابهة بصرياً
6310,Hazem19792019_6795.jpg,منتج Hazem19792019_6795,أخرى,ff7f3f1f1f370001,يوجد صور متطابقة/متشابهة بصرياً
6311,Hazem19792019_6796.jpg,منتج Hazem19792019_6796,أخرى,3ff1f1fd0d4d1dfc,يوجد صور متطابقة/متشابهة بصرياً
6312,Hazem19792019_6797.jpg,منتج Hazem19792019_6797,أخرى,bfffa5a02008bdff,
6313,Hazem19792019_6798.jpg,منتج Hazem19792019_6798,أخرى,fff0f0f0d0d0cdfd,يوجد صور متطابقة/متشابهة بصرياً
6314,Hazem19792019_6799.jpg,منتج Hazem19792019_6799,أخرى,f918f8f8088d9fbd,يوجد صور متطابقة/متشابهة بصرياً
6315,Hazem19792019_68.jpg,منتج Hazem19792019_68,أخرى,f9c1e1f1b1016760,
6316,Hazem19792019_680.jpg,منتج Hazem19792019_680,أخرى,ffc0f1f7cfffe000,
6317,Hazem19792019_6800.jpg,منتج Hazem19792019_6800,أخرى,ffcfffd0f0d090bf,
6318,Hazem19792019_6801.jpg,منتج Hazem19792019_6801,أخرى,f5a08090b5b5fffd,
6319,Hazem19792019_6802.jpg,منتج Hazem19792019_6802,أخرى,bffd1c04f42161fd,
6320,Hazem19792019_6803.jpg,منتج Hazem19792019_6803,أخرى,9ffcfc04f47921fd,يوجد صور متطابقة/متشابهة بصرياً
6321,Hazem19792019_6804.jpg,منتج Hazem19792019_6804,أخرى,bf0dcde5998d8d9d,يوجد صور متطابقة/متشابهة بصرياً
6322,Hazem19792019_6805.jpg,منتج Hazem19792019_6805,أخرى,fc00fcf4bcc48dcd,يوجد صور متطابقة/متشابهة بصرياً
6323,Hazem19792019_6806.jpg,منتج Hazem19792019_6806,أخرى,bd0d8dbd2db5b5b9,يوجد صور متطابقة/متشابهة بصرياً
6324,Hazem19792019_6807.jpg,منتج Hazem19792019_6807,أخرى,3ffd849c9c8c8dfd,يوجد صور متطابقة/متشابهة بصرياً
6325,Hazem19792019_6808.jpg,منتج Hazem19792019_6808,أخرى,bdfc80fc149c9fbd,يوجد صور متطابقة/متشابهة بصرياً
6326,Hazem19792019_6809.jpg,منتج Hazem19792019_6809,أخرى,9ff9392545b485a4,
6327,Hazem19792019_681.jpg,منتج Hazem19792019_681,أخرى,7878fcf87f6f3f00,
6328,Hazem19792019_6810.jpg,منتج Hazem19792019_6810,أخرى,ffffe5191985853f,
6329,Hazem19792019_6811.jpg,منتج Hazem19792019_6811,أخرى,bcfc0cfc9c1c148d,
6330,Hazem19792019_6812.jpg,منتج Hazem19792019_6812,أخرى,0010409f9f99b9ff,
6331,Hazem19792019_6813.jpg,منتج Hazem19792019_6813,أخرى,3d0d9fff8a888fcf,
6332,Hazem19792019_6814.jpg,منتج Hazem19792019_6814,أخرى,036d5d7d71390101,
6333,Hazem19792019_6815.jpg,منتج Hazem19792019_6815,أخرى,38eccdbdbdbd3dbd,
6334,Hazem19792019_6816.jpg,منتج Hazem19792019_6816,أخرى,83879f83bf9183fd,يوجد صور متطابقة/متشابهة بصرياً
6335,Hazem19792019_6817.jpg,منتج Hazem19792019_6817,أخرى,edfdffcf8f838183,
6336,Hazem19792019_6818.jpg,منتج Hazem19792019_6818,أخرى,01733133730373f0,
6337,Hazem19792019_6819.jpg,منتج Hazem19792019_6819,أخرى,7e7e7e7e000e3e1e,
6338,Hazem19792019_682.jpg,منتج Hazem19792019_682,أخرى,ffffa3a30301dfff,يوجد صور متطابقة/متشابهة بصرياً
6339,Hazem19792019_6820.jpg,منتج Hazem19792019_6820,أخرى,f3f3f8b8b8b8f0df,
6340,Hazem19792019_6821.jpg,منتج Hazem19792019_6821,أخرى,bf8f8f8f898881e0,يوجد صور متطابقة/متشابهة بصرياً
6341,Hazem19792019_6822.jpg,منتج Hazem19792019_6822,أخرى,ff879f87a787a302,
6342,Hazem19792019_6823.jpg,منتج Hazem19792019_6823,أخرى,ff8f9b8f8f0f0d00,يوجد صور متطابقة/متشابهة بصرياً
6343,Hazem19792019_6824.jpg,منتج Hazem19792019_6824,أخرى,27070f0f0f0f0111,يوجد صور متطابقة/متشابهة بصرياً
6344,Hazem19792019_6825.jpg,منتج Hazem19792019_6825,أخرى,fbfb918183f181e1,
6345,Hazem19792019_6826.jpg,منتج Hazem19792019_6826,أخرى,f0e81b134e5f1f1f,
6346,Hazem19792019_6827.jpg,منتج Hazem19792019_6827,أخرى,80c18101ffddd1ff,
6347,Hazem19792019_683.jpg,منتج Hazem19792019_683,أخرى,fc393f3f67633200,يوجد صور متطابقة/متشابهة بصرياً
6348,Hazem19792019_684.jpg,منتج Hazem19792019_684,أخرى,000073ffffffff00,
6349,Hazem19792019_685.jpg,منتج Hazem19792019_685,أخرى,01f3cbfaffef0c00,
6350,Hazem19792019_686.jpg,منتج Hazem19792019_686,أخرى,0200fffffefefefe,
6351,Hazem19792019_687.jpg,منتج Hazem19792019_687,أخرى,185a5a5a585c7c5c,يوجد صور متطابقة/متشابهة بصرياً
6352,Hazem19792019_688.jpg,منتج Hazem19792019_688,أخرى,007fffbfbbce8200,يوجد صور متطابقة/متشابهة بصرياً
6353,Hazem19792019_689.jpg,منتج Hazem19792019_689,أخرى,7ecc7e7d7e7e2600,يوجد صور متطابقة/متشابهة بصرياً
6354,Hazem19792019_69.jpg,منتج Hazem19792019_69,أخرى,fe1c0181a1ec80ff,يوجد صور متطابقة/متشابهة بصرياً
6355,Hazem19792019_690.jpg,منتج Hazem19792019_690,أخرى,f191d9f99891009b,يوجد صور متطابقة/متشابهة بصرياً
6356,Hazem19792019_691.jpg,منتج Hazem19792019_691,أخرى,003cfc1838380cc7,
6357,Hazem19792019_692.jpg,منتج Hazem19792019_692,أخرى,81e120c00100e17f,يوجد صور متطابقة/متشابهة بصرياً
6358,Hazem19792019_693.jpg,منتج Hazem19792019_693,أخرى,ff19fd98380080c0,يوجد صور متطابقة/متشابهة بصرياً
6359,Hazem19792019_694.jpg,منتج Hazem19792019_694,أخرى,20fefe5a5b3fff00,يوجد صور متطابقة/متشابهة بصرياً
6360,Hazem19792019_695.jpg,منتج Hazem19792019_695,أخرى,c9cc849591083c3c,يوجد صور متطابقة/متشابهة بصرياً
6361,Hazem19792019_696.jpg,منتج Hazem19792019_696,أخرى,d6ffff1110000800,يوجد صور متطابقة/متشابهة بصرياً
6362,Hazem19792019_697.jpg,منتج Hazem19792019_697,أخرى,9ca4a581808096b6,يوجد صور متطابقة/متشابهة بصرياً
6363,Hazem19792019_698.jpg,منتج Hazem19792019_698,أخرى,07ffff7f5f07011d,يوجد صور متطابقة/متشابهة بصرياً
6364,Hazem19792019_699.jpg,منتج Hazem19792019_699,أخرى,ffffc1818181e3e1,يوجد صور متطابقة/متشابهة بصرياً
6365,Hazem19792019_70.jpg,منتج Hazem19792019_70,أخرى,f0f17373003220f1,يوجد صور متطابقة/متشابهة بصرياً
6366,Hazem19792019_700.jpg,منتج Hazem19792019_700,أخرى,03031383838383a3,يوجد صور متطابقة/متشابهة بصرياً
6367,Hazem19792019_701.jpg,منتج Hazem19792019_701,أخرى,7f7f0d8d0c001f1f,
6368,Hazem19792019_702.jpg,منتج Hazem19792019_702,أخرى,7f7b04636b230021,يوجد صور متطابقة/متشابهة بصرياً
6369,Hazem19792019_703.jpg,منتج Hazem19792019_703,أخرى,ff0000424000ffff,يوجد صور متطابقة/متشابهة بصرياً
6370,Hazem19792019_704.jpg,منتج Hazem19792019_704,أخرى,feff7e7e1e022230,
6371,Hazem19792019_705.jpg,منتج Hazem19792019_705,أخرى,c0c0c0fcffff2200,
6372,Hazem19792019_706.jpg,منتج Hazem19792019_706,أخرى,00023e7edefe7c00,يوجد صور متطابقة/متشابهة بصرياً
6373,Hazem19792019_707.jpg,منتج Hazem19792019_707,أخرى,ff07171616170606,
6374,Hazem19792019_708.jpg,منتج Hazem19792019_708,أخرى,ff3e7c0500003f7f,
6375,Hazem19792019_709.jpg,منتج Hazem19792019_709,أخرى,007c7c7c7e7c7c7c,
6376,Hazem19792019_71.jpg,منتج Hazem19792019_71,أخرى,321010ffff1110ff,
6377,Hazem19792019_710.jpg,منتج Hazem19792019_710,أخرى,feefd3e0d8c00860,
6378,Hazem19792019_711.jpg,منتج Hazem19792019_711,أخرى,006fffc3ffe2c000,يوجد صور متطابقة/متشابهة بصرياً
6379,Hazem19792019_712.jpg,منتج Hazem19792019_712,أخرى,60664e4e7e7efe00,
6380,Hazem19792019_713.jpg,منتج Hazem19792019_713,أخرى,0070fffffffe0000,
6381,Hazem19792019_714.jpg,منتج Hazem19792019_714,أخرى,00fe7f3fdf6f0300,
6382,Hazem19792019_715.jpg,منتج Hazem19792019_715,أخرى,447ffa36471f3e00,
6383,Hazem19792019_716.jpg,منتج Hazem19792019_716,أخرى,00e3e1f3f7ff0c00,يوجد صور متطابقة/متشابهة بصرياً
6384,Hazem19792019_717.jpg,منتج Hazem19792019_717,أخرى,007c7c3e7e7e7e00,
6385,Hazem19792019_718.jpg,منتج Hazem19792019_718,أخرى,007e7efefe7c0c00,يوجد صور متطابقة/متشابهة بصرياً
6386,Hazem19792019_719.jpg,منتج Hazem19792019_719,أخرى,7f7f600084948000,يوجد صور متطابقة/متشابهة بصرياً
6387,Hazem19792019_72.jpg,منتج Hazem19792019_72,أخرى,bfbffd00003f7c00,
6388,Hazem19792019_720.jpg,منتج Hazem19792019_720,أخرى,978fffefe4e10101,يوجد صور متطابقة/متشابهة بصرياً
6389,Hazem19792019_721.jpg,منتج Hazem19792019_721,أخرى,18383c3dbdbd3800,
6390,Hazem19792019_722.jpg,منتج Hazem19792019_722,أخرى,063e3f0e3f3f1f00,
6391,Hazem19792019_723.jpg,منتج Hazem19792019_723,أخرى,bffefedb00300000,
6392,Hazem19792019_724.jpg,منتج Hazem19792019_724,أخرى,81fcbcbc200000fe,
6393,Hazem19792019_725.jpg,منتج Hazem19792019_725,أخرى,7f7e1a1095fc0cb0,
6394,Hazem19792019_726.jpg,منتج Hazem19792019_726,أخرى,c2fe3c28103e3cdc,
6395,Hazem19792019_727.jpg,منتج Hazem19792019_727,أخرى,016584eca425e3e7,
6396,Hazem19792019_728.jpg,منتج Hazem19792019_728,أخرى,8b8180006780c0fe,
6397,Hazem19792019_729.jpg,منتج Hazem19792019_729,أخرى,030343630303ff7f,
6398,Hazem19792019_73.jpg,منتج Hazem19792019_73,أخرى,3688828ebe3e3e3c,يوجد صور متطابقة/متشابهة بصرياً
6399,Hazem19792019_730.jpg,منتج Hazem19792019_730,أخرى,4100810b4f42e7ff,
6400,Hazem19792019_731.jpg,منتج Hazem19792019_731,أخرى,c903c3a3666603fe,
6401,Hazem19792019_732.jpg,منتج Hazem19792019_732,أخرى,ff000101110123ff,
6402,Hazem19792019_733.jpg,منتج Hazem19792019_733,أخرى,f0c200e680cdff10,
6403,Hazem19792019_734.jpg,منتج Hazem19792019_734,أخرى,ffffdcd846468180,
6404,Hazem19792019_735.jpg,منتج Hazem19792019_735,أخرى,bb33838313131f12,
6405,Hazem19792019_736.jpg,منتج Hazem19792019_736,أخرى,8181ecccecbc0123,
6406,Hazem19792019_737.jpg,منتج Hazem19792019_737,أخرى,0f27f3000f8fc0c0,
6407,Hazem19792019_738.jpg,منتج Hazem19792019_738,أخرى,fe40743c467c4a7e,
6408,Hazem19792019_739.jpg,منتج Hazem19792019_739,أخرى,c0d4c04800ffff00,
6409,Hazem19792019_74.jpg,منتج Hazem19792019_74,أخرى,ffff13710183ff01,يوجد صور متطابقة/متشابهة بصرياً
6410,Hazem19792019_740.jpg,منتج Hazem19792019_740,أخرى,2e3e2c2e3f3f0f20,
6411,Hazem19792019_741.jpg,منتج Hazem19792019_741,أخرى,00fffbdff7fee000,
6412,Hazem19792019_742.jpg,منتج Hazem19792019_742,أخرى,ff870787870787ff,
6413,Hazem19792019_743.jpg,منتج Hazem19792019_743,أخرى,fcfb0303030389ff,
6414,Hazem19792019_744.jpg,منتج Hazem19792019_744,أخرى,7e3f2f7f07030707,
6415,Hazem19792019_745.jpg,منتج Hazem19792019_745,أخرى,ffc7dfd381010132,
6416,Hazem19792019_746.jpg,منتج Hazem19792019_746,أخرى,00003e3cb9fbfd09,
6417,Hazem19792019_747.jpg,منتج Hazem19792019_747,أخرى,05058f7f60f9ff00,
6418,Hazem19792019_748.jpg,منتج Hazem19792019_748,أخرى,a6be9ebf9f1e0404,
6419,Hazem19792019_749.jpg,منتج Hazem19792019_749,أخرى,c5e9af80e9bf0008,
6420,Hazem19792019_75.jpg,منتج Hazem19792019_75,أخرى,180158e3f0f0ff7f,يوجد صور متطابقة/متشابهة بصرياً
6421,Hazem19792019_750.jpg,منتج Hazem19792019_750,أخرى,be3b3f3ff8047808,
6422,Hazem19792019_751.jpg,منتج Hazem19792019_751,أخرى,839bbf9b99810999,
6423,Hazem19792019_752.jpg,منتج Hazem19792019_752,أخرى,0001031fffeefcfe,
6424,Hazem19792019_753.jpg,منتج Hazem19792019_753,أخرى,ff810709fffff8fc,
6425,Hazem19792019_754.jpg,منتج Hazem19792019_754,أخرى,0000fdffffff0000,
6426,Hazem19792019_755.jpg,منتج Hazem19792019_755,أخرى,fffff7878581c0e7,يوجد صور متطابقة/متشابهة بصرياً
6427,Hazem19792019_756.jpg,منتج Hazem19792019_756,أخرى,007efee66e000000,يوجد صور متطابقة/متشابهة بصرياً
6428,Hazem19792019_757.jpg,منتج Hazem19792019_757,أخرى,ffdf03018181f700,يوجد صور متطابقة/متشابهة بصرياً
6429,Hazem19792019_758.jpg,منتج Hazem19792019_758,أخرى,017fcf770005ffce,
6430,Hazem19792019_759.jpg,منتج Hazem19792019_759,أخرى,0101012d3f7fffff,يوجد صور متطابقة/متشابهة بصرياً
6431,Hazem19792019_76.jpg,منتج Hazem19792019_76,أخرى,ffc7c7c7c3c3c3c3,
6432,Hazem19792019_760.jpg,منتج Hazem19792019_760,أخرى,b3e7c7df7e7c3c00,يوجد صور متطابقة/متشابهة بصرياً
6433,Hazem19792019_761.jpg,منتج Hazem19792019_761,أخرى,001f7bf87b7f1000,يوجد صور متطابقة/متشابهة بصرياً
6434,Hazem19792019_762.jpg,منتج Hazem19792019_762,أخرى,7e7f03013fff0000,
6435,Hazem19792019_763.jpg,منتج Hazem19792019_763,أخرى,e70303c3c3e323c3,يوجد صور متطابقة/متشابهة بصرياً
6436,Hazem19792019_764.jpg,منتج Hazem19792019_764,أخرى,ff39f9f9e88080f1,
6437,Hazem19792019_765.jpg,منتج Hazem19792019_765,أخرى,e0c3c3e7ffff2000,يوجد صور متطابقة/متشابهة بصرياً
6438,Hazem19792019_766.jpg,منتج Hazem19792019_766,أخرى,78fcec7c7e3e3e00,
6439,Hazem19792019_767.jpg,منتج Hazem19792019_767,أخرى,101012ffff7fc000,
6440,Hazem19792019_768.jpg,منتج Hazem19792019_768,أخرى,063e3efe4bff1f00,يوجد صور متطابقة/متشابهة بصرياً
6441,Hazem19792019_769.jpg,منتج Hazem19792019_769,أخرى,008eaf4ff9381e80,يوجد صور متطابقة/متشابهة بصرياً
6442,Hazem19792019_77.jpg,منتج Hazem19792019_77,أخرى,2c4ece86befefe00,يوجد صور متطابقة/متشابهة بصرياً
6443,Hazem19792019_770.jpg,منتج Hazem19792019_770,أخرى,003e7e7e7e3e0600,
6444,Hazem19792019_771.jpg,منتج Hazem19792019_771,أخرى,007c7c6d6d3d0704,
6445,Hazem19792019_772.jpg,منتج Hazem19792019_772,أخرى,b7afff03818183c3,
6446,Hazem19792019_773.jpg,منتج Hazem19792019_773,أخرى,3f3f3f3e1c3e3f0f,
6447,Hazem19792019_774.jpg,منتج Hazem19792019_774,أخرى,ffffa82870ff30f0,يوجد صور متطابقة/متشابهة بصرياً
6448,Hazem19792019_775.jpg,منتج Hazem19792019_775,أخرى,017d7c747e0e0e04,
6449,Hazem19792019_776.jpg,منتج Hazem19792019_776,أخرى,36766020b67f061f,يوجد صور متطابقة/متشابهة بصرياً
6450,Hazem19792019_777.jpg,منتج Hazem19792019_777,أخرى,fededc5cdcd40000,يوجد صور متطابقة/متشابهة بصرياً
6451,Hazem19792019_778.jpg,منتج Hazem19792019_778,أخرى,8080d0d2dade7efe,يوجد صور متطابقة/متشابهة بصرياً
6452,Hazem19792019_779.jpg,منتج Hazem19792019_779,أخرى,01bb9b9b411b3f01,يوجد صور متطابقة/متشابهة بصرياً
6453,Hazem19792019_78.jpg,منتج Hazem19792019_78,أخرى,fcecc2d2fe7c80c3,
6454,Hazem19792019_780.jpg,منتج Hazem19792019_780,أخرى,7f1f07383f0f2318,
6455,Hazem19792019_781.jpg,منتج Hazem19792019_781,أخرى,f8f8c84a7f6c84bf,
6456,Hazem19792019_782.jpg,منتج Hazem19792019_782,أخرى,ff3f7c7c3c3e7600,
6457,Hazem19792019_783.jpg,منتج Hazem19792019_783,أخرى,7f7fff3c2020303e,
6458,Hazem19792019_784.jpg,منتج Hazem19792019_784,أخرى,fdffff16320c0c31,
6459,Hazem19792019_785.jpg,منتج Hazem19792019_785,أخرى,7f7f7f3d3c198100,يوجد صور متطابقة/متشابهة بصرياً
6460,Hazem19792019_786.jpg,منتج Hazem19792019_786,أخرى,ffc282e2c0f8e4e0,يوجد صور متطابقة/متشابهة بصرياً
6461,Hazem19792019_787.jpg,منتج Hazem19792019_787,أخرى,f0f0fefef0d0e040,
6462,Hazem19792019_788.jpg,منتج Hazem19792019_788,أخرى,ffffffed1d030101,يوجد صور متطابقة/متشابهة بصرياً
6463,Hazem19792019_79.jpg,منتج Hazem19792019_79,أخرى,fefe878787871e0d,
6464,Hazem19792019_790.jpg,منتج Hazem19792019_790,أخرى,fc603098ccc0bfb9,
6465,Hazem19792019_791.jpg,منتج Hazem19792019_791,أخرى,f9d00289b8fca5ef,يوجد صور متطابقة/متشابهة بصرياً
6466,Hazem19792019_792.jpg,منتج Hazem19792019_792,أخرى,1f0d0f0f1faf8f1b,يوجد صور متطابقة/متشابهة بصرياً
6467,Hazem19792019_793.jpg,منتج Hazem19792019_793,أخرى,c783c3e3e7e3f3f3,
6468,Hazem19792019_794.jpg,منتج Hazem19792019_794,أخرى,9f9999bbf9f1b1b7,يوجد صور متطابقة/متشابهة بصرياً
6469,Hazem19792019_795.jpg,منتج Hazem19792019_795,أخرى,031f0d093d393907,يوجد صور متطابقة/متشابهة بصرياً
6470,Hazem19792019_796.jpg,منتج Hazem19792019_796,أخرى,ff8180891107e7ff,يوجد صور متطابقة/متشابهة بصرياً
6471,Hazem19792019_797.jpg,منتج Hazem19792019_797,أخرى,7e3e7e4e4ede3820,
6472,Hazem19792019_798.jpg,منتج Hazem19792019_798,أخرى,a4b0aca98d8dcd89,
6473,Hazem19792019_799.jpg,منتج Hazem19792019_799,أخرى,ffff878383f38703,
6474,Hazem19792019_8.jpg,منتج Hazem19792019_8,أخرى,87030000f7ffffff,
6475,Hazem19792019_80.jpg,منتج Hazem19792019_80,أخرى,802dfefefc800400,
6476,Hazem19792019_800.jpg,منتج Hazem19792019_800,أخرى,1f1f1f1f19100d01,
6477,Hazem19792019_801.jpg,منتج Hazem19792019_801,أخرى,dbc3e7e7e7e7e7e7,يوجد صور متطابقة/متشابهة بصرياً
6478,Hazem19792019_802.jpg,منتج Hazem19792019_802,أخرى,0000fffffb00000c,
6479,Hazem19792019_803.jpg,منتج Hazem19792019_803,أخرى,fceef1f0f0fc7838,
6480,Hazem19792019_804.jpg,منتج Hazem19792019_804,أخرى,bf0032b000f0fbd9,
6481,Hazem19792019_805.jpg,منتج Hazem19792019_805,أخرى,ffdfcfe6f2c0c3ff,
6482,Hazem19792019_806.jpg,منتج Hazem19792019_806,أخرى,0066ffffff000022,
6483,Hazem19792019_807.jpg,منتج Hazem19792019_807,أخرى,3dbfffff3d0000e0,
6484,Hazem19792019_808.jpg,منتج Hazem19792019_808,أخرى,f8fffffff7000000,
6485,Hazem19792019_809.jpg,منتج Hazem19792019_809,أخرى,0066ddcccc7f7f00,
6486,Hazem19792019_81.jpg,منتج Hazem19792019_81,أخرى,00ffff7c2c8c0000,
6487,Hazem19792019_810.jpg,منتج Hazem19792019_810,أخرى,00fefa7f7f7b2200,
6488,Hazem19792019_811.jpg,منتج Hazem19792019_811,أخرى,067fdc44efff0400,
6489,Hazem19792019_812.jpg,منتج Hazem19792019_812,أخرى,d020387ff0f1fbb0,
6490,Hazem19792019_813.jpg,منتج Hazem19792019_813,أخرى,7fffd0d0d080f9f8,
6491,Hazem19792019_814.jpg,منتج Hazem19792019_814,أخرى,007c3cfcfedc8c00,
6492,Hazem19792019_815.jpg,منتج Hazem19792019_815,أخرى,c01fcfff4f44001c,
6493,Hazem19792019_816.jpg,منتج Hazem19792019_816,أخرى,ff04cf46468cc0c0,
6494,Hazem19792019_817.jpg,منتج Hazem19792019_817,أخرى,fd5d0d0de1c94501,
6495,Hazem19792019_818.jpg,منتج Hazem19792019_818,أخرى,b6919c96908581ff,
6496,Hazem19792019_819.jpg,منتج Hazem19792019_819,أخرى,6efefefefc781000,
6497,Hazem19792019_82.jpg,منتج Hazem19792019_82,أخرى,0030737f7b008880,
6498,Hazem19792019_820.jpg,منتج Hazem19792019_820,أخرى,e0e0fe1f1f1f3f26,
6499,Hazem19792019_821.jpg,منتج Hazem19792019_821,أخرى,fd7f7f7f3e000000,
6500,Hazem19792019_822.jpg,منتج Hazem19792019_822,أخرى,fdffff16320c0c39,
6501,Hazem19792019_823.jpg,منتج Hazem19792019_823,أخرى,7f7f7f3d3c198100,يوجد صور متطابقة/متشابهة بصرياً
6502,Hazem19792019_824.jpg,منتج Hazem19792019_824,أخرى,8080d0d2dade7efe,يوجد صور متطابقة/متشابهة بصرياً
6503,Hazem19792019_825.jpg,منتج Hazem19792019_825,أخرى,01bb9b9b411b3f01,يوجد صور متطابقة/متشابهة بصرياً
6504,Hazem19792019_826.jpg,منتج Hazem19792019_826,أخرى,ffffa82870ff30f0,يوجد صور متطابقة/متشابهة بصرياً
6505,Hazem19792019_827.jpg,منتج Hazem19792019_827,أخرى,fededc5cdcd40000,يوجد صور متطابقة/متشابهة بصرياً
6506,Hazem19792019_828.jpg,منتج Hazem19792019_828,أخرى,f0f0fefef8d0e040,
6507,Hazem19792019_829.jpg,منتج Hazem19792019_829,أخرى,ffc282e2c0f8e4e0,يوجد صور متطابقة/متشابهة بصرياً
6508,Hazem19792019_83.jpg,منتج Hazem19792019_83,أخرى,003c7e7c7c7c7e20,
6509,Hazem19792019_830.jpg,منتج Hazem19792019_830,أخرى,fffffbc3c3c3c3c3,يوجد صور متطابقة/متشابهة بصرياً
6510,Hazem19792019_831.jpg,منتج Hazem19792019_831,أخرى,ffffffed1d030101,يوجد صور متطابقة/متشابهة بصرياً
6511,Hazem19792019_832.jpg,منتج Hazem19792019_832,أخرى,36766020b67f061f,يوجد صور متطابقة/متشابهة بصرياً
6512,Hazem19792019_834.jpg,منتج Hazem19792019_834,أخرى,e6f6fffefe7a0000,
6513,Hazem19792019_835.jpg,منتج Hazem19792019_835,أخرى,0008fefeeefefc00,
6514,Hazem19792019_836.jpg,منتج Hazem19792019_836,أخرى,c0ccffffee000400,
6515,Hazem19792019_837.jpg,منتج Hazem19792019_837,أخرى,0082d7efefcf8300,
6516,Hazem19792019_838.jpg,منتج Hazem19792019_838,أخرى,0000ffffffcb0000,يوجد صور متطابقة/متشابهة بصرياً
6517,Hazem19792019_839.jpg,منتج Hazem19792019_839,أخرى,7fffe9fff7df0000,
6518,Hazem19792019_84.jpg,منتج Hazem19792019_84,أخرى,fde3c08c1a2e10ff,
6519,Hazem19792019_840.jpg,منتج Hazem19792019_840,أخرى,00fefefe7efe3c00,
6520,Hazem19792019_841.jpg,منتج Hazem19792019_841,أخرى,fc393f3f67633200,يوجد صور متطابقة/متشابهة بصرياً
6521,Hazem19792019_842.jpg,منتج Hazem19792019_842,أخرى,f9d00289b8fca5ef,يوجد صور متطابقة/متشابهة بصرياً
6522,Hazem19792019_843.jpg,منتج Hazem19792019_843,أخرى,1f0d0f0f1faf8f1b,يوجد صور متطابقة/متشابهة بصرياً
6523,Hazem19792019_844.jpg,منتج Hazem19792019_844,أخرى,707d7f7efd7c0000,
6524,Hazem19792019_845.jpg,منتج Hazem19792019_845,أخرى,06fe62037f7f7f3e,
6525,Hazem19792019_846.jpg,منتج Hazem19792019_846,أخرى,bd09011d3d3d00c8,
6526,Hazem19792019_847.jpg,منتج Hazem19792019_847,أخرى,808c800ffee30260,
6527,Hazem19792019_848.jpg,منتج Hazem19792019_848,أخرى,ff7f7f1d1e1e1a00,
6528,Hazem19792019_849.jpg,منتج Hazem19792019_849,أخرى,7f79713b0f1f1911,يوجد صور متطابقة/متشابهة بصرياً
6529,Hazem19792019_85.jpg,منتج Hazem19792019_85,أخرى,000c7cfd38feff00,
6530,Hazem19792019_850.jpg,منتج Hazem19792019_850,أخرى,00307f3d7f78007f,
6531,Hazem19792019_851.jpg,منتج Hazem19792019_851,أخرى,003c7e7e7ef00000,
6532,Hazem19792019_852.jpg,منتج Hazem19792019_852,أخرى,c0ffffffc0603c00,
6533,Hazem19792019_853.jpg,منتج Hazem19792019_853,أخرى,00fefee6fefe4000,
6534,Hazem19792019_854.jpg,منتج Hazem19792019_854,أخرى,0047797d7f7e7808,
6535,Hazem19792019_855.jpg,منتج Hazem19792019_855,أخرى,ffffffffffe00000,
6536,Hazem19792019_856.jpg,منتج Hazem19792019_856,أخرى,0000187c7c7c7cfc,
6537,Hazem19792019_857.jpg,منتج Hazem19792019_857,أخرى,7e7e7c6c6c7c3c00,
6538,Hazem19792019_858.jpg,منتج Hazem19792019_858,أخرى,7f7f7f7f3e360002,
6539,Hazem19792019_859.jpg,منتج Hazem19792019_859,أخرى,ffecc0ffffe40000,
6540,Hazem19792019_86.jpg,منتج Hazem19792019_86,أخرى,00045ffdc99fff38,يوجد صور متطابقة/متشابهة بصرياً
6541,Hazem19792019_860.jpg,منتج Hazem19792019_860,أخرى,00f29e38fefef800,
6542,Hazem19792019_861.jpg,منتج Hazem19792019_861,أخرى,fc393f3f67633200,يوجد صور متطابقة/متشابهة بصرياً
6543,Hazem19792019_862.jpg,منتج Hazem19792019_862,أخرى,0000ffffffcb0000,يوجد صور متطابقة/متشابهة بصرياً
6544,Hazem19792019_863.jpg,منتج Hazem19792019_863,أخرى,11017e7e7e7a0000,
6545,Hazem19792019_864.jpg,منتج Hazem19792019_864,أخرى,0047effde27e5e00,
6546,Hazem19792019_865.jpg,منتج Hazem19792019_865,أخرى,7f7c703b0f1f1c10,
6547,Hazem19792019_867.jpg,منتج Hazem19792019_867,أخرى,7fe70091939dece7,
6548,Hazem19792019_868.jpg,منتج Hazem19792019_868,أخرى,013938387d7c3c08,
6549,Hazem19792019_869.jpg,منتج Hazem19792019_869,أخرى,7f79713b0f1f1911,يوجد صور متطابقة/متشابهة بصرياً
6550,Hazem19792019_87.jpg,منتج Hazem19792019_87,أخرى,ff838181e1d1f9ff,
6551,Hazem19792019_870.jpg,منتج Hazem19792019_870,أخرى,ff808687983c3c00,
6552,Hazem19792019_872.jpg,منتج Hazem19792019_872,أخرى,1e5d7f3d2e0003c3,
6553,Hazem19792019_873.jpg,منتج Hazem19792019_873,أخرى,79497d6d4d0d4d7c,
6554,Hazem19792019_874.jpg,منتج Hazem19792019_874,أخرى,00003f3f3f3f3e20,يوجد صور متطابقة/متشابهة بصرياً
6555,Hazem19792019_875.jpg,منتج Hazem19792019_875,أخرى,00ffff80802080ff,يوجد صور متطابقة/متشابهة بصرياً
6556,Hazem19792019_877.jpg,منتج Hazem19792019_877,أخرى,e110ccdc7c7e7ee0,
6557,Hazem19792019_879.jpg,منتج Hazem19792019_879,أخرى,10f0e4f4fcf9bc20,
6558,Hazem19792019_88.jpg,منتج Hazem19792019_88,أخرى,32077e7f35047e7c,
6559,Hazem19792019_880.jpg,منتج Hazem19792019_880,أخرى,1f3f27673d183c13,
6560,Hazem19792019_881.jpg,منتج Hazem19792019_881,أخرى,2070ce4c68307cf8,
6561,Hazem19792019_883.jpg,منتج Hazem19792019_883,أخرى,fcf6661e1e1ec290,يوجد صور متطابقة/متشابهة بصرياً
6562,Hazem19792019_884.jpg,منتج Hazem19792019_884,أخرى,030302030503fdff,يوجد صور متطابقة/متشابهة بصرياً
6563,Hazem19792019_885.jpg,منتج Hazem19792019_885,أخرى,5e0606060f070fff,يوجد صور متطابقة/متشابهة بصرياً
6564,Hazem19792019_886.jpg,منتج Hazem19792019_886,أخرى,cecfdcd878080cfc,يوجد صور متطابقة/متشابهة بصرياً
6565,Hazem19792019_887.jpg,منتج Hazem19792019_887,أخرى,303079310101e3ff,يوجد صور متطابقة/متشابهة بصرياً
6566,Hazem19792019_888.jpg,منتج Hazem19792019_888,أخرى,7030387a3e3e3c00,يوجد صور متطابقة/متشابهة بصرياً
6567,Hazem19792019_889.jpg,منتج Hazem19792019_889,أخرى,7c7c383838387c3c,يوجد صور متطابقة/متشابهة بصرياً
6568,Hazem19792019_89.jpg,منتج Hazem19792019_89,أخرى,647c7c3c3e343c3f,يوجد صور متطابقة/متشابهة بصرياً
6569,Hazem19792019_890.jpg,منتج Hazem19792019_890,أخرى,02e68686c6e6f6d5,يوجد صور متطابقة/متشابهة بصرياً
6570,Hazem19792019_891.jpg,منتج Hazem19792019_891,أخرى,60727279f9e3cccc,يوجد صور متطابقة/متشابهة بصرياً
6571,Hazem19792019_892.jpg,منتج Hazem19792019_892,أخرى,020000000f0fffff,يوجد صور متطابقة/متشابهة بصرياً
6572,Hazem19792019_893.jpg,منتج Hazem19792019_893,أخرى,8080808800e7ffff,يوجد صور متطابقة/متشابهة بصرياً
6573,Hazem19792019_894.jpg,منتج Hazem19792019_894,أخرى,fcf6661e1e1ec290,يوجد صور متطابقة/متشابهة بصرياً
6574,Hazem19792019_895.jpg,منتج Hazem19792019_895,أخرى,7a730bfb380903ff,يوجد صور متطابقة/متشابهة بصرياً
6575,Hazem19792019_896.jpg,منتج Hazem19792019_896,أخرى,f3f7e0a09ce4a0a1,يوجد صور متطابقة/متشابهة بصرياً
6576,Hazem19792019_897.jpg,منتج Hazem19792019_897,أخرى,8080808800e7ffff,يوجد صور متطابقة/متشابهة بصرياً
6577,Hazem19792019_898.jpg,منتج Hazem19792019_898,أخرى,030302030503fdff,يوجد صور متطابقة/متشابهة بصرياً
6578,Hazem19792019_899.jpg,منتج Hazem19792019_899,أخرى,f0f07070507879f8,يوجد صور متطابقة/متشابهة بصرياً
6579,Hazem19792019_90.jpg,منتج Hazem19792019_90,أخرى,0000486e9cff8acc,
6580,Hazem19792019_900.jpg,منتج Hazem19792019_900,أخرى,f7978381818090dc,يوجد صور متطابقة/متشابهة بصرياً
6581,Hazem19792019_901.jpg,منتج Hazem19792019_901,أخرى,5e0606060f070fff,يوجد صور متطابقة/متشابهة بصرياً
6582,Hazem19792019_902.jpg,منتج Hazem19792019_902,أخرى,7a730bfb380903ff,يوجد صور متطابقة/متشابهة بصرياً
6583,Hazem19792019_903.jpg,منتج Hazem19792019_903,أخرى,efffdb2701010100,يوجد صور متطابقة/متشابهة بصرياً
6584,Hazem19792019_904.jpg,منتج Hazem19792019_904,أخرى,cecfdcd878080cfc,يوجد صور متطابقة/متشابهة بصرياً
6585,Hazem19792019_905.jpg,منتج Hazem19792019_905,أخرى,f3f7e0a09ce4a0a1,يوجد صور متطابقة/متشابهة بصرياً
6586,Hazem19792019_906.jpg,منتج Hazem19792019_906,أخرى,2f7e5a42043f7f20,يوجد صور متطابقة/متشابهة بصرياً
6587,Hazem19792019_907.jpg,منتج Hazem19792019_907,أخرى,f0f07070507879f8,يوجد صور متطابقة/متشابهة بصرياً
6588,Hazem19792019_908.jpg,منتج Hazem19792019_908,أخرى,303079310101e3ff,يوجد صور متطابقة/متشابهة بصرياً
6589,Hazem19792019_909.jpg,منتج Hazem19792019_909,أخرى,08187213137f7f7d,يوجد صور متطابقة/متشابهة بصرياً
6590,Hazem19792019_91.jpg,منتج Hazem19792019_91,أخرى,3c313b3838332200,
6591,Hazem19792019_910.jpg,منتج Hazem19792019_910,أخرى,f7978381818090dc,يوجد صور متطابقة/متشابهة بصرياً
6592,Hazem19792019_911.jpg,منتج Hazem19792019_911,أخرى,7030387a3e3e3c00,يوجد صور متطابقة/متشابهة بصرياً
6593,Hazem19792019_912.jpg,منتج Hazem19792019_912,أخرى,00008b838b81cfcf,يوجد صور متطابقة/متشابهة بصرياً
6594,Hazem19792019_913.jpg,منتج Hazem19792019_913,أخرى,efffdb2701010100,يوجد صور متطابقة/متشابهة بصرياً
6595,Hazem19792019_914.jpg,منتج Hazem19792019_914,أخرى,7c7c383838387c3c,يوجد صور متطابقة/متشابهة بصرياً
6596,Hazem19792019_915.jpg,منتج Hazem19792019_915,أخرى,ffdb0383b3130301,يوجد صور متطابقة/متشابهة بصرياً
6597,Hazem19792019_916.jpg,منتج Hazem19792019_916,أخرى,2f7e5a42043f7f20,يوجد صور متطابقة/متشابهة بصرياً
6598,Hazem19792019_917.jpg,منتج Hazem19792019_917,أخرى,02e68686c6e6f6d5,يوجد صور متطابقة/متشابهة بصرياً
6599,Hazem19792019_918.jpg,منتج Hazem19792019_918,أخرى,08187213137f7f7d,يوجد صور متطابقة/متشابهة بصرياً
6600,Hazem19792019_919.jpg,منتج Hazem19792019_919,أخرى,60727279f9e3cccc,يوجد صور متطابقة/متشابهة بصرياً
